provincia_nombre,anio,superficie_sembrada_ha,superficie_cosechada_ha,produccion_tm,rendimiento_kgxha,precipitacion_total,temperatura_media,humedad_relativa
Buenos Aires,1981,462300,460900,924500,2005.8581037101324,805.88,15.35,71.83
Buenos Aires,1982,650000,648100,950000,1465.8231754358894,844.86,15.28,71.62
Buenos Aires,1983,715000,713000,1670000,2342.215988779804,908.29,14.75,73.22
Buenos Aires,1984,830000,825000,1600000,1939.3939393939395,924.56,14.33,75.99
Buenos Aires,1985,851500,849350,1988000,2340.613410254901,809.75,15.42,70.21
Buenos Aires,1986,844000,819000,1726400,2107.936507936508,756.73,15.17,70.12
Buenos Aires,1987,987000,984200,2150000,2184.515342410079,993.36,14.78,75.7
Buenos Aires,1988,1130000,1109150,2100000,1893.3417481855474,972.55,14.56,70.72
Buenos Aires,1989,1260000,1245000,2800000,2248.995983935743,1057.51,15.53,71.41
Buenos Aires,1990,1313000,1264400,2799000,2213.698196773173,1334.13,14.41,77.52
Buenos Aires,1991,1213300,1177510,2533100,2151.2343844213638,1062.7,14.85,75.75
Buenos Aires,1992,1399950,1270420,2341100,1842.7764046535792,1280.41,14.27,77.42
Buenos Aires,1993,1382530,1365330,2429300,1779.276804875012,1312.68,14.25,78.07
Buenos Aires,1994,1376400,1363980,2608200,1912.1981260722298,1047.12,14.87,74.21
Buenos Aires,1995,1308055,1279415,2377800,1858.5056451581386,597.15,14.84,66.04
Buenos Aires,1996,1471900,1390830,2531800,1820.351876217798,903.38,15.11,70.45
Buenos Aires,1997,1604000,1560890,3859680,2472.743114505186,1035.21,15.19,73.68
Buenos Aires,1998,1732300,1699930,4579260,2693.7932738406876,856.61,14.99,72.45
Buenos Aires,1999,1808450,1744160,3777100,2165.5696725071093,947.95,14.58,72.97
Buenos Aires,2000,2413010,2304368,5725568,2484.6587003464724,1070.3,14.21,75.09
Buenos Aires,2001,2188090,2151310,5776800,2685.2475933268565,1292.18,14.84,78.09
Buenos Aires,2002,2475653,2450723,7142260,2914.348133183554,1339.79,14.38,77.47
Buenos Aires,2003,3205523,3133613,7852000,2505.7337967387803,1024.79,14.53,73.38
Buenos Aires,2004,3326048,3251098,10004030,3077.1234825895745,867.76,15.13,72.22
Buenos Aires,2005,3709800,3665000,10526712,2872.2270122783084,768.22,14.86,69.27
Buenos Aires,2006,4057028,4009918,11653275,2906.113042710599,922.86,15.05,69.73
Buenos Aires,2007,4217200,4147880,12245801,2952.303586410407,780.13,14.19,71.57
Buenos Aires,2008,5393538,5059042,6733393,1330.9620675218746,698.14,15.43,68.55
Buenos Aires,2009,5317020,5284478,16003570,3028.410753152913,784.31,15.33,65.36
Buenos Aires,2010,5935442,5843343,15465224,2646.6397745263284,834.7,14.76,72.03
Buenos Aires,2011,5969357,5795495,15396122,2656.5672129818076,862.05,14.76,69.51
Buenos Aires,2012,6645655,6537850,17601828,2692.2960912226495,1389.46,14.68,75.57
Buenos Aires,2013,6691029,6428159,17143374,2666.9181642831177,696.23,14.94,68.77
Buenos Aires,2014,6584272,6495062,19592375,3016.5031527027763,1170.94,14.81,75.43
Buenos Aires,2015,6823729,6735119,21951941,3259.3248909187796,925.17,15.12,71.85
Buenos Aires,2016,5980061,5621678,17383411,3092.2103685056313,839.25,14.78,73.14
Buenos Aires,2017,5548460,5239391,11844661,2260.694229539273,1255.5,15.15,76.48
Buenos Aires,2018,5542393,5459730,17667049,3235.88327627923,967.11,15.22,72.22
Buenos Aires,2019,5172483,5116458,15160896,2963.162406492929,749.46,15.03,69.45
Buenos Aires,2020,5286348,5228595,13532893,2588.2465557190794,883.9,14.89,70.56
Buenos Aires,2021,5036304,4949131,13537109,2735.2496832272172,999.25,15.18,73.28
Buenos Aires,2022,4997610,4407182,8490928,1926.6116080524926,891.64,14.72,68.74
Buenos Aires,2023,5180208,5148790,14899458,2893.7785382585034,1037.13,15.41,69.21
Catamarca,1981,2000,2000,2600,1300.0,330.11,14.84,49.8
Catamarca,1982,1100,1100,1500,1363.6363636363637,329.81,15.3,45.51
Catamarca,1983,1100,1100,1500,1363.6363636363637,443.18,14.53,47.56
Catamarca,1984,1000,1000,1800,1800.0,502.87,14.68,51.37
Catamarca,1985,890,890,1590,1786.5168539325844,509.47,15.12,48.04
Catamarca,1986,8000,5000,5000,1000.0,457.43,15.54,46.67
Catamarca,1987,7900,7900,12400,1569.620253164557,620.46,14.53,49.05
Catamarca,1988,6000,4000,4000,1000.0,487.22,14.5,46.87
Catamarca,1989,11000,10000,20000,2000.0,765.41,14.52,47.97
Catamarca,1990,15000,14000,33600,2400.0,435.73,14.72,48.54
Catamarca,1991,16000,15700,36700,2337.579617834395,293.94,15.32,46.06
Catamarca,1992,7000,7000,14000,2000.0,415.41,14.16,48.15
Catamarca,1993,10000,10000,24000,2400.0,316.88,14.76,45.24
Catamarca,1994,14000,14000,29400,2100.0,239.43,15.62,45.34
Catamarca,1995,12000,12000,15600,1300.0,90.34,15.35,39.5
Catamarca,1996,15000,15000,34500,2300.0,167.73,14.76,44.15
Catamarca,1997,14000,14000,42000,3000.0,310.8,15.57,44.54
Catamarca,1998,18000,18000,52200,2900.0,508.39,14.23,50.86
Catamarca,1999,14000,12600,35300,2801.5873015873017,669.02,13.64,53.68
Catamarca,2000,23000,23000,64400,2800.0,634.5,13.81,53.85
Catamarca,2001,35000,35000,98000,2800.0,649.48,14.34,53.69
Catamarca,2002,40000,40000,112000,2800.0,643.29,14.64,48.87
Catamarca,2003,37000,37000,107300,2900.0,325.46,15.28,45.8
Catamarca,2004,40394,40394,90270,2234.7378323513394,422.29,14.82,47.82
Catamarca,2005,46000,46000,126280,2745.217391304348,408.17,14.49,47.14
Catamarca,2006,46000,46000,128800,2800.0,487.63,15.49,46.84
Catamarca,2007,50000,50000,150000,3000.0,610.92,14.06,49.64
Catamarca,2008,50000,50000,115000,2300.0,716.88,13.68,53.15
Catamarca,2009,53000,53000,132500,2500.0,426.76,14.76,45.7
Catamarca,2010,53000,53000,116600,2200.0,513.29,13.91,47.73
Catamarca,2011,37000,37000,70300,1900.0,561.39,13.84,51.48
Catamarca,2012,24300,21900,24075,1099.3150684931506,395.28,15.14,48.67
Catamarca,2013,15100,13530,25370,1875.0923872875092,502.7,14.52,47.25
Catamarca,2014,26200,25930,58874,2270.4974932510604,645.63,14.79,49.96
Catamarca,2015,56142,56092,161667,2882.1757113313843,714.92,14.91,52.07
Catamarca,2016,29900,28160,73227,2600.390625,717.57,14.28,55.43
Catamarca,2017,39600,38070,89016,2338.2190701339637,720.36,14.73,51.41
Catamarca,2018,42100,41600,135800,3264.423076923077,591.71,14.71,50.5
Catamarca,2019,40400,39580,92615,2339.944416371905,624.74,14.72,52.64
Catamarca,2020,39800,39530,106251,2687.857323551733,571.01,15.4,48.52
Catamarca,2021,38300,37120,84640,2280.1724137931033,860.77,14.45,53.8
Catamarca,2022,42500,41350,63948,1546.5054413542925,523.75,14.23,46.53
Catamarca,2023,44000,43825,134185,3061.8368511123786,695.52,16.26,48.48
Chaco,1981,750,650,900,1384.6153846153845,1363.88,21.22,74.83
Chaco,1982,2050,1900,2000,1052.6315789473683,1169.71,22.06,68.37
Chaco,1983,3400,3400,3800,1117.6470588235295,1268.41,20.72,72.62
Chaco,1984,5200,5200,8870,1705.7692307692307,1823.73,20.83,77.46
Chaco,1985,8780,8780,10800,1230.0683371298405,1492.67,21.85,70.89
Chaco,1986,11000,11000,17000,1545.4545454545455,1810.18,21.85,74.31
Chaco,1987,14000,14000,25000,1785.7142857142858,1343.71,21.12,69.83
Chaco,1988,60000,60000,105000,1750.0,1126.78,21.05,64.99
Chaco,1989,68000,68000,110000,1617.6470588235295,1536.2,21.2,71.59
Chaco,1990,50000,50000,76700,1534.0,1522.22,20.89,76.2
Chaco,1991,70000,70000,133100,1901.4285714285713,1298.96,21.66,70.56
Chaco,1992,128000,128000,230500,1800.78125,1436.94,20.66,74.13
Chaco,1993,149000,144000,201600,1400.0,1008.13,21.44,66.3
Chaco,1994,137000,132000,170300,1290.1515151515152,1330.24,21.67,70.0
Chaco,1995,70500,70500,103600,1469.5035460992908,830.6,22.26,59.01
Chaco,1996,123000,123000,246000,2000.0,1488.07,20.73,71.75
Chaco,1997,130000,85800,159600,1860.13986013986,935.94,23.14,60.33
Chaco,1998,215000,195000,430000,2205.128205128205,1449.52,20.83,74.44
Chaco,1999,350000,350000,629200,1797.7142857142858,950.94,21.37,63.71
Chaco,2000,410000,406400,830800,2044.291338582677,1238.76,20.99,68.75
Chaco,2001,587300,548300,1154978,2106.4709100857194,962.52,22.11,67.99
Chaco,2002,751400,729100,1572570,2156.864627623097,1737.07,21.03,75.68
Chaco,2003,758500,723425,824595,1139.8486366935065,1124.93,21.92,64.96
Chaco,2004,653183,627936,862198,1373.066681954849,1223.1,21.58,65.34
Chaco,2005,616918,554567,1348380,2431.410451757858,864.52,21.97,63.92
Chaco,2006,679050,671722,1254960,1868.2728867001526,927.52,22.72,62.33
Chaco,2007,711250,711250,1647879,2316.8773286467485,1255.83,20.84,69.39
Chaco,2008,692527,593339,645397,1087.7373643060712,801.93,22.2,58.88
Chaco,2009,665720,639840,1546513,2417.0308202050514,924.37,22.25,60.1
Chaco,2010,693920,691852,1642321,2373.8039349456244,1111.14,20.45,70.98
Chaco,2011,683760,383087,292035,762.3203084416856,1024.29,21.31,66.39
Chaco,2012,548230,423580,553794,1307.4130034468105,887.11,22.8,61.49
Chaco,2013,591300,576330,1384537,2402.3337324102513,1002.64,21.35,66.17
Chaco,2014,596980,572635,1191340,2080.4526443546065,1203.29,22.08,69.77
Chaco,2015,551940,532757,1020146,1914.8429771922283,1296.93,21.87,73.01
Chaco,2016,501068,457348,1414659,3093.1784986487314,1344.29,20.48,75.05
Chaco,2017,514340,496315,1064920,2145.6534660447496,1068.19,22.17,70.59
Chaco,2018,466994,399760,1038828,2598.6291775065038,1078.83,22.11,68.05
Chaco,2019,542973,504874,1404299,2781.484093060843,1491.48,21.04,75.69
Chaco,2020,603020,562438,1088975,1936.1689644014095,861.89,22.3,59.1
Chaco,2021,646350,614710,1649432,2683.2685331294433,944.38,21.76,63.68
Chaco,2022,603124,561722,1057294,1882.237120853376,816.03,21.96,59.7
Chaco,2023,637470,543970,663645,1220.0029413386767,947.94,23.53,63.61
Corrientes,1981,28600,28500,48200,1691.2280701754387,1173.49,21.12,75.35
Corrientes,1982,20000,20000,37700,1885.0,2081.8,20.86,77.35
Corrientes,1983,26500,26500,45000,1698.1132075471698,1979.94,19.89,80.59
Corrientes,1984,20000,20000,29400,1470.0,1921.37,20.62,80.15
Corrientes,1985,25000,25000,27000,1080.0,1902.51,21.33,76.05
Corrientes,1986,7300,6900,14000,2028.9855072463768,2464.2,21.25,78.7
Corrientes,1987,9000,9000,18000,2000.0,2105.14,19.97,79.98
Corrientes,1988,10000,10000,20000,2000.0,1348.61,20.24,71.69
Corrientes,1989,15000,12000,24000,2000.0,1676.86,20.62,74.63
Corrientes,1990,7000,7000,9800,1400.0,2015.15,20.39,80.81
Corrientes,1992,2300,2100,3700,1761.904761904762,1649.03,20.01,79.16
Corrientes,1993,2040,2040,3800,1862.7450980392157,1919.16,20.11,79.84
Corrientes,1994,2240,2240,4112,1835.7142857142858,1773.8,20.92,78.49
Corrientes,1995,2300,1800,3300,1833.3333333333333,1214.59,21.14,71.61
Corrientes,1996,3400,3000,5600,1866.6666666666667,1678.07,20.58,77.13
Corrientes,1997,4200,2900,5050,1741.3793103448277,1928.88,21.34,75.59
Corrientes,1998,4400,4120,8600,2087.378640776699,2273.8,20.12,82.09
Corrientes,1999,3600,3600,7900,2194.4444444444443,1632.33,20.59,74.1
Corrientes,2000,3570,3015,5840,1936.9817578772802,1869.13,20.3,77.26
Corrientes,2001,5298,3765,4800,1274.9003984063745,1734.13,20.82,81.51
Corrientes,2002,9760,9235,18620,2016.242555495398,2697.85,20.77,80.32
Corrientes,2003,20055,16465,21314,1294.5034922563013,1948.27,20.05,80.09
Corrientes,2004,24468,19374,32107,1657.2210178589862,1084.53,20.8,72.65
Corrientes,2005,25135,18595,34210,1839.7418660930357,1432.93,21.03,74.62
Corrientes,2006,22000,19000,33600,1768.421052631579,1667.57,21.1,73.96
Corrientes,2007,30410,27071,45806,1692.0690037309298,2224.42,19.8,81.23
Corrientes,2008,30090,23455,24090,1027.073118738009,1479.96,20.3,75.04
Corrientes,2009,20668,19895,34845,1751.4450867052024,1751.05,20.68,74.08
Corrientes,2010,16795,16615,29068,1749.5034607282576,1522.15,19.81,79.91
Corrientes,2011,25000,25000,25000,1000.0,1217.26,20.65,74.05
Corrientes,2012,15000,15000,18000,1200.0,1079.48,22.0,67.91
Corrientes,2013,25000,25000,50000,2000.0,1189.92,20.42,74.17
Corrientes,2014,20000,20000,40000,2000.0,1719.18,21.07,78.06
Corrientes,2015,23000,23000,41400,1800.0,1568.0,20.99,80.15
Corrientes,2016,20000,20000,40000,2000.0,1629.21,20.11,80.57
Corrientes,2017,20000,20000,40000,2000.0,2373.02,20.85,81.02
Corrientes,2018,5190,5190,13712,2642.003853564547,1403.3,20.99,75.99
Corrientes,2019,5190,5190,13074,2519.0751445086707,1723.0,20.79,79.57
Corrientes,2020,5190,5190,13074,2519.0751445086707,1100.29,21.03,69.66
Corrientes,2021,5190,5190,7436,1432.7552986512524,925.09,21.2,69.53
Corrientes,2022,6000,6000,8501,1416.8333333333333,1161.84,20.91,70.54
Corrientes,2023,6000,6000,15900,2650.0,1412.25,22.21,72.54
Córdoba,1981,501600,480000,978500,2038.5416666666667,936.53,17.2,71.81
Córdoba,1982,623000,618500,1330000,2150.363783346807,871.2,17.35,68.27
Córdoba,1983,865000,862500,2113500,2450.4347826086955,895.43,16.57,71.09
Córdoba,1984,1000000,990000,1800000,1818.1818181818182,1120.81,16.15,76.04
Córdoba,1985,962000,948100,1730000,1824.7020356502478,880.08,17.3,70.2
Córdoba,1986,1105000,1061000,1850000,1743.6380772855796,855.31,17.43,70.03
Córdoba,1987,1320000,1296400,2950000,2275.532243134835,924.7,17.01,70.57
Córdoba,1988,1395000,1156000,1720000,1487.8892733564014,790.56,16.61,65.94
Córdoba,1989,1410000,1340000,2650000,1977.6119402985075,728.36,18.0,62.6
Córdoba,1990,1250000,1185300,2642300,2229.224668860204,1042.49,16.89,71.62
Córdoba,1991,1326200,1317800,2969100,2253.073303991501,1081.09,16.72,74.01
Córdoba,1992,1380800,1357700,3183600,2344.84790454445,931.79,16.34,70.31
Córdoba,1993,1564200,1552800,3032900,1953.1813498196807,1158.0,16.05,73.55
Córdoba,1994,1596500,1563100,2658700,1700.9148486980998,941.76,16.81,70.53
Córdoba,1995,1711500,1686800,3479400,2062.722314441546,806.55,16.45,64.45
Córdoba,1996,1901300,1818700,2906200,1597.954582943861,870.71,16.77,66.18
Córdoba,1997,2096800,2070300,5820700,2811.5248997729796,1035.29,17.69,64.91
Córdoba,1998,2564600,2459950,5263300,2139.596333258806,1238.72,15.88,76.59
Córdoba,1999,2726681,2705081,6928610,2561.331804851685,1096.1,15.97,72.43
Córdoba,2000,3151500,3088960,8154199,2639.7878250284884,963.6,16.12,72.9
Córdoba,2001,3455901,3447371,9658300,2801.6421789241713,1068.32,16.9,73.85
Córdoba,2002,3564351,3543401,9851101,2780.125929862299,783.76,16.89,69.42
Córdoba,2003,4172940,4128670,8376201,2028.7891742377085,670.31,17.17,65.49
Córdoba,2004,3981146,3925910,11190869,2850.515931338212,1090.0,16.87,69.62
Córdoba,2005,4343718,4273718,11123165,2602.6904442455025,745.69,16.54,67.35
Córdoba,2006,4477882,4447482,14173030,3186.7537631405817,952.0,17.35,64.32
Córdoba,2007,4704680,4665980,12763880,2735.519655034955,852.37,15.78,71.82
Córdoba,2008,5195291,5127001,11168757,2178.4191187011666,766.2,17.42,63.56
Córdoba,2009,5129240,5034290,13011805,2584.635569265974,908.1,17.63,59.33
Córdoba,2010,5047612,5033512,12230176,2429.750043309721,800.75,16.26,69.19
Córdoba,2011,5013251,4856851,9783900,2014.453397890938,719.51,16.9,63.85
Córdoba,2012,5349312,5256042,13180784,2507.739473923534,1178.04,16.96,70.38
Córdoba,2013,5052760,4965360,14917671,3004.3483251969647,733.47,16.85,65.71
Córdoba,2014,5413330,5284530,18619067,3523.315602333604,1033.42,17.06,70.89
Córdoba,2015,5579530,5299930,17922969,3381.736928600944,1067.4,16.9,74.14
Córdoba,2016,4871202,4772498,15659788,3281.2560633865114,1139.21,16.24,75.92
Córdoba,2017,4463610,4181879,10732887,2566.522608616844,1015.25,16.88,73.96
Córdoba,2018,4454424,4352011,15355555,3528.3814769769656,822.18,17.6,65.77
Córdoba,2019,4525544,4491912,13467681,2998.206776980493,836.27,17.12,68.12
Córdoba,2020,4269777,4226048,13625152,3224.088320814151,787.79,16.98,65.28
Córdoba,2021,4212534,4172550,11910526,2854.495692082779,989.68,17.02,69.03
Córdoba,2022,4198034,3983383,6264013,1572.5359575014504,607.48,17.11,60.6
Córdoba,2023,4136553,4118583,12662372,3074.4486635330645,1100.0,18.4,62.03
Entre Ríos,1981,10700,9700,14600,1505.1546391752577,1055.55,17.73,74.41
Entre Ríos,1982,13100,13100,20600,1572.5190839694656,1077.98,17.82,71.45
Entre Ríos,1983,22000,22000,36200,1645.4545454545455,903.38,17.56,71.11
Entre Ríos,1984,20000,20000,26000,1300.0,1417.61,16.81,77.39
Entre Ríos,1985,27200,26750,53700,2007.4766355140187,1196.6,18.11,72.64
Entre Ríos,1986,34700,32950,54800,1663.1259484066768,1216.6,17.9,74.55
Entre Ríos,1987,48300,46880,87000,1855.8020477815699,1175.2,17.53,73.25
Entre Ríos,1988,48000,35950,54000,1502.0862308762169,1073.27,17.16,69.57
Entre Ríos,1989,51000,51000,115000,2254.901960784314,1126.3,18.3,68.11
Entre Ríos,1990,54800,51000,81800,1603.921568627451,1405.82,17.19,77.05
Entre Ríos,1991,54600,49600,108700,2191.532258064516,1340.79,17.75,74.26
Entre Ríos,1992,75050,73870,152300,2061.730066332747,959.5,17.25,72.52
Entre Ríos,1993,94100,92050,183800,1996.7409016838674,1516.95,17.06,75.48
Entre Ríos,1994,127000,126520,305750,2416.613974075245,812.9,18.23,69.22
Entre Ríos,1995,149000,141900,308220,2172.093023255814,872.75,17.45,66.51
Entre Ríos,1996,219300,208300,281450,1351.1761881901105,932.27,17.79,68.2
Entre Ríos,1997,272000,264900,727200,2745.1868629671576,1087.28,18.21,69.31
Entre Ríos,1998,389800,376900,764500,2028.3894932342796,990.16,17.33,72.95
Entre Ríos,1999,364100,315493,535000,1695.7587014608882,902.76,17.43,69.72
Entre Ríos,2000,579500,577400,1658000,2871.492899203325,1505.23,17.05,74.76
Entre Ríos,2001,814900,788100,1914900,2429.767795964979,1487.96,17.72,78.04
Entre Ríos,2002,1055000,1047400,2809000,2681.8789383234675,1419.38,17.29,77.15
Entre Ríos,2003,1196700,1190100,2307370,1938.8034618939585,1159.1,17.08,74.61
Entre Ríos,2004,1242812,1239782,3053868,2463.229825888745,944.9,17.99,70.2
Entre Ríos,2005,1302700,1293400,2801724,2166.1697850626256,937.61,17.65,70.85
Entre Ríos,2006,1435600,1420650,3927476,2764.562700172456,1167.64,18.02,69.86
Entre Ríos,2007,1423000,1410445,3289065,2331.9342477019663,1404.06,16.44,76.88
Entre Ríos,2008,1241400,947485,1143899,1207.300379425532,603.4,18.62,64.18
Entre Ríos,2009,1468000,1465500,4038205,2755.5134766291367,1397.66,17.69,68.34
Entre Ríos,2010,1468000,1465000,3597310,2455.5017064846415,1154.88,17.06,74.55
Entre Ríos,2011,1331700,1325200,3099513,2338.902052520374,956.46,17.29,69.75
Entre Ríos,2012,1418600,1417550,3528855,2489.4042538182075,1597.2,17.44,75.2
Entre Ríos,2013,1504900,1502400,3974603,2645.502529286475,938.04,17.41,69.71
Entre Ríos,2014,1564990,1560690,4324895,2771.142891926007,1594.11,17.22,77.26
Entre Ríos,2015,1466000,1313500,2561150,1949.8667681766274,1069.02,18.01,71.91
Entre Ríos,2016,1326400,1319150,3701589,2806.041011257249,1185.43,17.32,74.37
Entre Ríos,2017,1319900,1185200,1368200,1154.4043199460007,1353.84,17.93,76.23
Entre Ríos,2018,1177700,1171200,3252276,2776.875,1308.03,17.87,73.59
Entre Ríos,2019,1164550,1158550,2489320,2148.6513314056365,1184.21,17.34,75.76
Entre Ríos,2020,1112620,1090820,1974518,1810.1226600172347,889.17,18.03,66.9
Entre Ríos,2021,1084100,1077600,2565755,2380.9901633259096,847.19,18.24,68.77
Entre Ríos,2022,973500,653800,634952,971.1716121137963,1009.74,17.57,67.71
Entre Ríos,2023,1091400,1091400,2712145,2485.0146600696353,920.34,18.93,65.23
Formosa,1981,1100,1100,2700,2454.5454545454545,1455.02,22.13,73.34
Formosa,1982,850,0,0,,1370.39,22.93,69.23
Formosa,1983,5500,5500,11000,2000.0,1213.11,22.31,68.62
Formosa,1984,1400,1250,3100,2480.0,1371.78,23.48,66.2
Formosa,1985,4200,4200,9180,2185.714285714286,994.95,24.1,60.31
Formosa,1986,5500,4700,9900,2106.3829787234044,1474.65,23.83,64.56
Formosa,1987,7000,7000,10500,1500.0,1072.05,22.9,62.99
Formosa,1988,10000,6000,15000,2500.0,1155.55,22.6,61.61
Formosa,1989,6000,4000,6000,1500.0,1372.72,22.4,68.75
Formosa,1990,1200,900,1500,1666.6666666666667,1415.84,22.91,69.91
Formosa,1991,1600,900,1400,1555.5555555555557,1558.93,22.67,69.53
Formosa,1992,1760,1160,1200,1034.4827586206898,1853.64,21.61,75.71
Formosa,1993,1020,970,1800,1855.6701030927834,974.34,22.72,64.74
Formosa,1994,1500,1500,3200,2133.3333333333335,1273.74,23.5,65.08
Formosa,1995,1000,1000,2000,2000.0,828.41,23.86,57.55
Formosa,1996,1000,1000,1000,1000.0,1311.27,22.72,66.07
Formosa,1997,1400,700,1200,1714.2857142857142,862.83,24.76,57.63
Formosa,1998,1900,1900,5700,3000.0,1308.7,22.55,70.48
Formosa,1999,1100,800,1300,1625.0,1029.88,23.0,61.04
Formosa,2000,1100,800,1200,1500.0,1258.24,22.82,65.61
Formosa,2001,7331,7331,18400,2509.8895102987312,909.13,23.84,62.33
Formosa,2002,8530,7810,15100,1933.4186939820743,1246.93,23.81,65.33
Formosa,2003,11838,11838,21568,1821.9293799628315,1031.32,23.9,59.75
Formosa,2004,13733,13279,41340,3113.1862339031554,1091.35,23.31,61.18
Formosa,2005,11940,11940,25192,2109.8827470686765,882.53,23.51,60.86
Formosa,2006,22598,22598,48319,2138.198070625719,1082.32,24.15,61.31
Formosa,2007,6095,6095,12132,1990.4840032813781,1009.82,22.9,63.22
Formosa,2008,6100,3100,4650,1500.0,942.03,23.27,59.52
Formosa,2009,6100,3100,4650,1500.0,743.33,24.08,57.98
Formosa,2010,6100,3100,4650,1500.0,1007.51,22.43,65.01
Formosa,2011,12000,12000,11400,950.0,1141.03,22.74,65.3
Formosa,2012,10000,10000,12000,1200.0,949.2,23.88,62.16
Formosa,2013,15000,15000,30000,2000.0,836.83,23.33,61.01
Formosa,2014,17900,17900,35800,2000.0,1201.41,23.57,69.04
Formosa,2015,17900,17900,35800,2000.0,1357.03,23.54,70.6
Formosa,2016,18500,18050,45125,2500.0,1238.46,22.08,70.87
Formosa,2017,25000,24500,61250,2500.0,1107.59,23.58,67.27
Formosa,2018,25000,24200,60500,2500.0,1088.4,23.38,65.8
Formosa,2019,25000,7000,17500,2500.0,1318.7,22.75,71.56
Formosa,2020,9738,3396,8490,2500.0,919.88,24.16,55.32
Formosa,2021,20179,13735,28712,2090.425919184565,884.21,23.42,60.38
Formosa,2022,15520,15520,30050,1936.2113402061855,719.6,23.77,55.31
Formosa,2023,16513,16513,16513,1000.0,917.59,25.29,60.98
Jujuy,1981,200,200,400,2000.0,1061.44,19.4,66.52
Jujuy,1982,300,300,460,1533.3333333333333,847.66,19.84,63.05
Jujuy,1983,400,400,500,1250.0,702.08,19.59,59.85
Jujuy,1984,1800,1800,3000,1666.6666666666667,1098.23,19.53,65.5
Jujuy,1985,1600,1600,2880,1800.0,1046.43,20.2,60.48
Jujuy,1986,700,700,1200,1714.2857142857142,822.69,20.74,57.17
Jujuy,1987,5000,5000,10000,2000.0,801.13,19.66,58.06
Jujuy,1988,5000,2000,3400,1700.0,897.55,19.28,60.58
Jujuy,1989,4000,4000,10000,2500.0,845.72,19.77,58.57
Jujuy,1990,4000,4000,9000,2250.0,980.61,19.69,60.45
Jujuy,1991,5500,5400,11400,2111.1111111111113,984.81,19.77,63.62
Jujuy,1992,6750,5650,9800,1734.513274336283,750.87,19.26,59.21
Jujuy,1993,1200,900,1500,1666.6666666666667,796.68,19.45,56.98
Jujuy,1994,1000,800,1200,1500.0,762.83,20.44,56.43
Jujuy,1995,1000,0,0,,749.82,19.9,55.46
Jujuy,1998,8000,8000,20000,2500.0,676.57,19.81,57.02
Jujuy,2001,773,773,1800,2328.589909443726,791.2,19.93,58.74
Jujuy,2002,1000,1000,1950,1950.0,698.29,20.23,56.32
Jujuy,2003,9000,9000,19000,2111.1111111111113,1075.68,19.86,58.73
Jujuy,2004,5050,5050,10258,2031.2871287128712,886.78,19.53,59.7
Jujuy,2005,3500,3500,9080,2594.285714285714,612.37,19.97,53.65
Jujuy,2006,6000,6000,16150,2691.6666666666665,719.39,20.35,57.64
Jujuy,2007,6000,6000,16500,2750.0,869.43,19.0,59.45
Jujuy,2008,8250,8250,19715,2389.6969696969695,1015.7,19.1,60.29
Jujuy,2009,10660,10660,28878,2709.0056285178234,768.71,19.93,56.37
Jujuy,2010,12150,12150,34635,2850.617283950617,630.88,19.23,56.4
Jujuy,2011,12150,12150,30670,2524.2798353909466,733.95,19.42,58.34
Jujuy,2012,9220,7524,11564,1536.9484316852738,637.82,20.27,57.69
Jujuy,2013,6700,6700,16897,2521.9402985074626,574.2,20.14,52.46
Jujuy,2014,6840,6840,18476,2701.1695906432747,804.8,20.15,59.76
Jujuy,2015,6840,6156,14551,2363.7102014294996,774.96,20.17,61.88
Jujuy,2016,7238,6009,12018,2000.0,950.61,19.31,61.21
Jujuy,2017,7240,7025,14753,2100.071174377224,675.24,20.4,57.56
Jujuy,2018,7240,7240,20272,2800.0,909.98,19.52,61.78
Jujuy,2019,6730,6730,16825,2500.0,893.5,19.9,60.19
Jujuy,2020,10767,10767,37685,3500.046438190768,783.81,20.37,56.37
Jujuy,2021,9581,9581,23125,2413.6311449744285,816.71,19.6,60.36
Jujuy,2022,7800,7800,11699,1499.871794871795,1373.04,19.49,54.26
Jujuy,2023,10209,9959,22905,2299.929711818456,698.09,21.61,56.07
La Pampa,1981,250,220,400,1818.1818181818182,787.6,16.25,63.77
La Pampa,1982,150,50,60,1200.0,923.48,16.11,65.3
La Pampa,1983,2500,2500,4000,1600.0,940.11,15.54,66.21
La Pampa,1984,1000,1000,1600,1600.0,990.46,14.81,70.29
La Pampa,1985,1400,1300,2100,1615.3846153846155,1052.74,15.92,64.91
La Pampa,1986,6500,5900,10200,1728.8135593220338,840.24,15.8,63.64
La Pampa,1987,18100,15620,22400,1434.0588988476313,919.72,15.73,66.89
La Pampa,1988,36500,34950,50000,1430.615164520744,803.85,15.74,59.11
La Pampa,1989,42000,39700,70000,1763.2241813602016,914.69,16.38,62.47
La Pampa,1990,30000,18000,21800,1211.111111111111,864.3,15.76,64.85
La Pampa,1991,21000,17500,25600,1462.857142857143,999.69,15.82,66.9
La Pampa,1992,18300,17385,38200,2197.2965199884957,1159.87,15.1,68.0
La Pampa,1993,20200,19500,28100,1441.025641025641,888.75,15.33,66.87
La Pampa,1994,17900,16830,26700,1586.4527629233512,807.15,16.28,60.99
La Pampa,1995,4500,4500,6620,1471.111111111111,593.78,15.93,55.21
La Pampa,1996,4600,4600,6840,1486.9565217391305,955.15,15.85,60.46
La Pampa,1997,11710,11710,27465,2345.4312553373184,876.54,16.22,63.96
La Pampa,1998,15100,14800,28940,1955.4054054054054,750.95,15.82,64.8
La Pampa,1999,38200,36700,78800,2147.1389645776567,1102.41,15.15,67.48
La Pampa,2000,148500,144900,253945,1752.5534851621808,932.33,15.08,66.93
La Pampa,2001,75600,73800,147700,2001.3550135501355,1175.48,15.72,69.49
La Pampa,2002,103350,95600,206000,2154.8117154811716,820.57,15.54,64.29
La Pampa,2003,160300,153300,295900,1930.2022178734508,499.32,16.57,56.14
La Pampa,2004,187629,183034,476482,2603.243113301354,781.02,16.33,62.71
La Pampa,2005,223600,218400,393569,1802.055860805861,527.59,15.97,58.27
La Pampa,2006,243500,238000,510099,2143.2731092436975,705.08,16.4,57.64
La Pampa,2007,231900,224800,436000,1939.5017793594307,704.78,15.13,61.34
La Pampa,2008,300000,245400,264065,1076.0594947025265,643.99,16.64,58.03
La Pampa,2009,380600,373700,786356,2104.244046026224,509.8,16.82,51.44
La Pampa,2010,402300,393400,599900,1524.9110320284697,695.51,15.86,59.48
La Pampa,2011,396875,384175,1030664,2682.7982039435155,757.15,15.97,58.69
La Pampa,2012,447400,435100,812650,1867.731555964146,1209.42,15.49,67.38
La Pampa,2013,521100,506500,1022370,2018.4995064165844,547.97,16.4,56.92
La Pampa,2014,484900,466000,1271770,2729.1201716738196,1014.05,15.94,65.98
La Pampa,2015,553225,532925,1807291,3391.267063845757,761.46,16.06,64.05
La Pampa,2016,496000,428316,1271870,2969.466468682001,1021.13,15.3,69.04
La Pampa,2017,431400,417600,1121020,2684.434865900383,1148.61,15.86,69.02
La Pampa,2018,484600,468400,1583251,3380.1259607173356,684.68,16.4,60.54
La Pampa,2019,506700,498600,1619630,3248.3553951062977,542.57,16.3,57.22
La Pampa,2020,493517,482117,1123733,2330.8304830570173,1093.02,15.62,63.76
La Pampa,2021,393500,373400,1140710,3054.9276914836637,946.81,16.0,65.27
La Pampa,2022,431050,406250,759420,1869.3415384615384,675.6,15.78,58.39
La Pampa,2023,541300,528000,1615770,3060.1704545454545,682.02,16.92,57.04
Misiones,1981,28400,26000,32100,1234.6153846153845,1447.77,21.1,76.88
Misiones,1982,30300,9200,13160,1430.4347826086957,2188.34,21.09,78.55
Misiones,1983,35000,35000,58900,1682.857142857143,2664.32,19.67,84.88
Misiones,1984,18000,18000,22290,1238.3333333333333,2232.28,20.45,84.25
Misiones,1985,15000,15000,16600,1106.6666666666667,2109.73,21.04,79.46
Misiones,1986,13000,13000,16400,1261.5384615384614,2380.64,21.17,80.58
Misiones,1987,9550,9550,19000,1989.5287958115184,2398.76,19.79,83.28
Misiones,1988,24000,24000,55000,2291.6666666666665,1562.52,20.56,72.11
Misiones,1989,30000,30000,30000,1000.0,2138.16,20.24,79.36
Misiones,1990,3000,1200,1100,916.6666666666666,2536.79,20.37,83.86
Misiones,1991,300,100,100,1000.0,1600.19,21.55,73.88
Misiones,1992,1500,300,600,2000.0,2072.79,19.94,83.19
Misiones,1993,2300,1920,3000,1562.5,1883.18,20.34,81.22
Misiones,1994,2300,1920,3041,1583.8541666666667,2223.14,20.92,82.78
Misiones,1995,1500,200,160,800.0,1280.08,21.71,71.71
Misiones,1996,1300,1300,2100,1615.3846153846155,1937.89,20.64,79.77
Misiones,1997,2770,0,0,,2202.18,21.27,79.61
Misiones,1998,3600,2700,3300,1222.2222222222222,2403.89,20.19,85.68
Misiones,1999,4000,4000,8800,2200.0,1658.39,20.74,76.1
Misiones,2000,4000,4000,8400,2100.0,1925.7,20.52,78.87
Misiones,2001,3120,2955,5616,1900.507614213198,1654.27,20.89,83.1
Misiones,2002,2200,625,1420,2272.0,2404.98,21.13,81.35
Misiones,2003,2250,2250,5000,2222.222222222222,1827.81,20.36,81.02
Misiones,2004,2929,545,287,526.605504587156,1308.15,21.11,73.02
Misiones,2005,1384,1300,1235,950.0,1562.0,21.22,75.85
Misiones,2006,950,885,1810,2045.1977401129943,1570.93,21.68,72.25
Misiones,2007,1180,1068,1716,1606.741573033708,2017.0,20.38,80.86
Misiones,2008,656,185,222,1200.0,1301.78,20.81,73.85
Misiones,2009,880,850,2212,2602.3529411764707,1899.87,20.96,76.42
Misiones,2010,1810,1780,4496,2525.8426966292136,1691.47,19.97,82.31
Misiones,2011,880,636,564,886.7924528301887,1381.43,21.08,74.69
Misiones,2012,1095,1095,2842,2595.433789954338,1327.89,22.29,68.63
Misiones,2013,1300,1300,3294,2533.846153846154,1394.75,20.61,75.66
Misiones,2014,1300,1300,3683,2833.076923076923,2545.41,21.22,81.34
Misiones,2015,1550,1515,4542,2998.019801980198,2195.7,20.87,85.88
Misiones,2016,2550,2414,5545,2297.0173985086994,1714.39,20.21,82.59
Misiones,2017,2830,2830,7873,2781.9787985865723,2547.25,20.99,82.56
Misiones,2018,3750,3750,10844,2891.733333333333,1673.45,21.32,76.06
Misiones,2019,3750,3750,9740,2597.3333333333335,1865.02,21.21,79.63
Misiones,2020,3750,3702,11769,3179.092382495948,1539.56,21.43,69.68
Misiones,2021,3501,2041,3063,1500.734933855953,1299.11,21.34,71.23
Misiones,2022,3989,3989,9172,2299.323138631236,1617.35,20.99,73.4
Misiones,2023,4309,4309,17236,4000.0,2281.87,22.21,76.64
Salta,1981,11900,11900,23800,2000.0,895.41,19.7,69.48
Salta,1982,16900,16400,32800,2000.0,800.35,19.85,69.14
Salta,1983,45000,44500,95000,2134.8314606741574,677.24,19.58,65.36
Salta,1984,47000,47000,97100,2065.9574468085107,1046.3,19.65,69.65
Salta,1985,40000,36000,64460,1790.5555555555557,870.12,20.52,63.87
Salta,1986,50000,42000,70000,1666.6666666666667,812.95,20.75,64.23
Salta,1987,95000,95000,235500,2478.9473684210525,775.02,19.68,63.13
Salta,1988,80000,40000,62000,1550.0,794.63,19.44,63.27
Salta,1989,111000,111000,280000,2522.5225225225226,731.62,19.99,62.04
Salta,1990,95500,95500,216600,2268.062827225131,896.46,19.81,64.65
Salta,1991,135000,135000,270000,2000.0,1041.09,19.77,69.46
Salta,1992,193000,187200,318200,1699.7863247863247,838.52,19.1,67.91
Salta,1993,210500,188500,301600,1600.0,827.36,19.36,62.68
Salta,1994,179400,164400,333700,2029.8053527980535,796.03,20.37,61.57
Salta,1995,120000,114700,148900,1298.1691368788142,736.96,19.96,59.35
Salta,1996,165500,163400,343100,2099.7552019583845,636.33,19.59,62.82
Salta,1997,165000,157000,237100,1510.1910828025477,529.69,20.86,60.85
Salta,1998,260000,257000,660000,2568.093385214008,694.09,19.64,63.3
Salta,1999,210000,208000,535700,2575.480769230769,905.18,18.95,64.99
Salta,2000,300000,298000,671200,2252.3489932885905,842.22,18.9,65.49
Salta,2001,329980,325980,750000,2300.754647524388,802.68,19.83,64.09
Salta,2002,320500,289500,743000,2566.493955094991,690.68,20.16,62.13
Salta,2003,437000,421200,821200,1949.667616334283,1084.57,19.72,63.88
Salta,2004,466548,439483,733750,1669.5753874438828,899.02,19.45,64.18
Salta,2005,477000,474700,1367338,2880.425531914894,624.26,19.76,60.1
Salta,2006,477000,477000,1361000,2853.249475890985,768.52,20.28,62.8
Salta,2007,477000,477000,1450000,3039.832285115304,874.52,18.75,64.89
Salta,2008,575300,575300,1311296,2279.325569268208,999.26,19.13,64.94
Salta,2009,586385,586385,1662913,2835.872336434254,751.81,19.91,60.17
Salta,2010,599515,599515,1775489,2961.542246649375,620.42,19.01,62.16
Salta,2011,600015,528374,668035,1264.3222414426145,737.01,19.33,63.11
Salta,2012,557760,318174,267607,841.0712377504133,632.5,20.16,62.43
Salta,2013,492405,471915,869009,1841.452380195586,562.29,20.03,57.17
Salta,2014,439988,439988,1145936,2604.471031028119,797.63,20.13,65.17
Salta,2015,423757,407427,872479,2141.4363800140886,751.27,20.11,67.85
Salta,2016,463800,457260,1114335,2436.9833355202727,942.28,19.07,66.95
Salta,2017,466320,466320,1041705,2233.8844570252186,678.5,20.24,64.07
Salta,2018,439512,439512,1186684,2700.003640401172,892.05,19.36,67.22
Salta,2019,390409,390409,955757,2448.091616740393,879.23,19.64,65.8
Salta,2020,334717,334717,895575,2675.618507575056,800.83,20.07,61.41
Salta,2021,317643,315947,538034,1702.9248576501755,728.57,19.77,63.02
Salta,2022,309661,309261,522675,1690.0773133372782,1417.12,19.33,59.36
Salta,2023,310040,309340,700259,2263.71953190664,695.35,21.37,62.66
San Luis,1982,550,550,720,1309.090909090909,642.21,18.14,56.86
San Luis,1983,1100,1100,1500,1363.6363636363637,656.89,17.8,56.16
San Luis,1984,450,450,740,1644.4444444444443,806.63,17.38,60.98
San Luis,1985,400,400,690,1725.0,713.79,18.53,57.11
San Luis,1987,150,150,200,1333.3333333333333,512.06,18.34,52.25
San Luis,1989,500,500,400,800.0,624.98,18.5,53.11
San Luis,1990,200,200,400,2000.0,582.6,18.08,55.37
San Luis,1998,3500,3500,4200,1200.0,676.31,17.42,58.87
San Luis,1999,8000,8000,12800,1600.0,792.44,17.06,57.49
San Luis,2000,10000,9000,10800,1200.0,752.35,16.79,59.85
San Luis,2001,14000,14000,40600,2900.0,779.23,17.66,59.67
San Luis,2002,25000,25000,45000,1800.0,690.45,17.86,54.9
San Luis,2003,35000,35000,57750,1650.0,396.47,18.49,49.64
San Luis,2004,25246,25246,51290,2031.6089677572684,858.54,17.73,55.93
San Luis,2005,50000,42000,48781,1161.452380952381,589.23,17.32,55.49
San Luis,2006,83000,79900,176020,2203.003754693367,726.88,18.44,51.55
San Luis,2007,105000,105000,257950,2456.6666666666665,824.45,16.51,58.17
San Luis,2008,125000,125000,295900,2367.2,1119.18,17.18,59.09
San Luis,2009,155000,155000,268300,1730.967741935484,496.61,18.29,48.5
San Luis,2010,171400,171400,402420,2347.8413068844807,610.46,17.13,54.96
San Luis,2011,170700,170700,296890,1739.2501464557704,579.18,17.4,53.03
San Luis,2012,398790,394090,678444,1721.5458397827908,559.77,18.24,53.36
San Luis,2013,354730,354730,848815,2392.8480816395568,583.71,17.91,50.91
San Luis,2014,343500,343500,962870,2803.1149927219794,727.79,17.82,57.94
San Luis,2015,396926,388126,1228333,3164.778963532461,880.96,17.73,62.82
San Luis,2016,307340,307340,837463,2724.874731567645,815.68,17.14,62.09
San Luis,2017,325750,325750,701480,2153.430544896393,724.73,18.01,56.79
San Luis,2018,308500,305300,668660,2190.173599737963,662.09,18.0,53.98
San Luis,2019,296300,289800,379245,1308.6438923395444,488.22,18.11,54.79
San Luis,2020,198000,198000,471280,2380.2020202020203,418.87,18.86,46.64
San Luis,2021,218200,218200,487250,2233.0430797433546,717.97,17.68,57.22
San Luis,2022,222400,196500,314120,1598.5750636132316,441.9,18.11,46.52
San Luis,2023,229800,227650,410105,1801.471557215023,411.16,19.47,51.76
Santa Fe,1981,898000,872200,1952000,2238.0188030268287,1115.48,17.85,72.37
Santa Fe,1982,905000,855200,1420000,1660.4303086997193,857.58,18.21,67.18
Santa Fe,1983,1070000,1065500,2697000,2531.2060065696855,846.29,17.51,69.38
Santa Fe,1984,1260000,1245000,2700000,2168.6746987951806,1158.79,16.89,75.14
Santa Fe,1985,1297000,1293600,3001000,2319.882498453927,907.53,18.24,69.71
Santa Fe,1986,1420000,1380000,2706000,1960.8695652173913,1013.92,18.23,70.9
Santa Fe,1987,1700000,1691800,4000000,2364.3456673365645,1038.26,17.64,70.71
Santa Fe,1988,1780000,1391000,2230000,1603.1631919482386,802.43,17.51,65.65
Santa Fe,1989,1940000,1900000,4300000,2263.157894736842,875.83,18.67,63.91
Santa Fe,1990,1987000,1934500,4643800,2400.5169294391317,1315.89,17.54,72.79
Santa Fe,1991,1991000,1981000,4840800,2443.6143361938416,1272.06,17.83,71.77
Santa Fe,1992,1931700,1897000,4398500,2318.6610437532945,977.52,17.2,69.83
Santa Fe,1993,2192300,2187600,5163600,2360.39495337356,1262.64,17.09,71.76
Santa Fe,1994,2360650,2354520,5650097,2399.6810390228156,884.93,18.08,67.6
Santa Fe,1995,2441300,2423800,5705900,2354.1133756910635,842.45,17.61,62.36
Santa Fe,1996,2543200,2447800,4163900,1701.078519486886,972.1,17.75,65.32
Santa Fe,1997,2608500,2546200,7310500,2871.141308616762,882.95,18.62,64.3
Santa Fe,1998,2753800,2741200,7300000,2663.067269808843,977.64,17.31,70.52
Santa Fe,1999,2873550,2863400,6637500,2318.0484738422856,880.51,17.51,66.13
Santa Fe,2000,3117150,3087650,8657700,2803.977134714103,1484.13,16.78,73.13
Santa Fe,2001,3212300,3148850,8350300,2651.857027168649,1343.25,17.37,76.42
Santa Fe,2002,3319000,3260000,10223500,3136.042944785276,1294.29,17.15,74.29
Santa Fe,2003,3558000,3531500,9141950,2588.687526546793,930.72,17.15,71.25
Santa Fe,2004,3531099,3483586,10448196,2999.264550954103,907.42,17.87,67.59
Santa Fe,2005,3553290,3524318,10275416,2915.575722735576,943.51,17.49,67.93
Santa Fe,2006,3474600,3433555,11295735,3289.8075027194845,1203.95,17.94,67.47
Santa Fe,2007,3492200,3427400,11479999,3349.477446460874,1140.54,16.21,74.39
Santa Fe,2008,3440863,3354963,8061892,2402.974935938191,546.28,18.54,61.27
Santa Fe,2009,3514279,3509979,12032550,3428.0974330615654,1314.9,17.92,64.01
Santa Fe,2010,3107737,3094737,9741349,3147.7146523274837,1065.16,16.85,71.69
Santa Fe,2011,3107800,3007800,8176630,2718.475297559678,981.62,17.27,67.29
Santa Fe,2012,3128500,3123000,10383917,3324.981428113993,1485.52,17.5,71.87
Santa Fe,2013,3254768,3209368,9958834,3103.0514419038263,873.98,17.33,67.5
Santa Fe,2014,3224550,3126150,11804131,3775.932376885306,1098.96,17.54,72.0
Santa Fe,2015,3468912,3123327,8317217,2662.935068918496,1086.98,17.9,70.8
Santa Fe,2016,2957363,2831723,9762280,3447.4699679311852,1242.25,17.1,73.37
Santa Fe,2017,3011720,2839620,6852404,2413.14119494862,1150.52,17.76,73.3
Santa Fe,2018,2838202,2734302,10520091,3847.4502816440904,1024.8,18.16,68.51
Santa Fe,2019,3007360,2974260,9399967,3160.438899087504,1031.33,17.47,72.39
Santa Fe,2020,3038334,3038334,9280032,3054.3159507809214,725.51,17.97,64.1
Santa Fe,2021,2877651,2858551,8272320,2893.8857484088967,848.82,18.2,65.93
Santa Fe,2022,2873207,2472867,3829670,1548.6760913546907,603.42,17.99,61.72
Santa Fe,2023,3060735,3045335,10796728,3545.3334362229443,932.82,19.13,63.28
Santiago del Estero,1981,21000,21000,42000,2000.0,753.19,23.01,60.4
Santiago del Estero,1982,21700,21700,34800,1603.6866359447004,912.62,22.95,61.23
Santiago del Estero,1983,32000,31900,66100,2072.1003134796238,694.15,22.29,59.17
Santiago del Estero,1984,19400,19400,40100,2067.0103092783506,670.3,22.64,61.37
Santiago del Estero,1985,19400,19400,36000,1855.6701030927834,723.86,23.81,55.21
Santiago del Estero,1986,100000,70000,100000,1428.5714285714287,558.78,24.3,55.45
Santiago del Estero,1987,108000,107100,193000,1802.0541549953314,640.04,23.08,53.74
Santiago del Estero,1988,45500,35200,41600,1181.8181818181818,377.57,23.2,49.48
Santiago del Estero,1989,70000,68000,122400,1800.0,677.78,23.66,53.04
Santiago del Estero,1990,72500,66100,125400,1897.125567322239,648.84,22.88,58.54
Santiago del Estero,1991,82800,80100,184400,2302.122347066167,720.83,23.27,58.6
Santiago del Estero,1992,80300,77300,159100,2058.214747736093,937.86,21.8,62.87
Santiago del Estero,1993,98100,94900,171700,1809.2729188619599,487.45,22.86,51.89
Santiago del Estero,1994,105050,103250,181800,1760.774818401937,573.31,23.76,53.16
Santiago del Estero,1995,94500,93000,155700,1674.1935483870968,444.4,23.42,47.32
Santiago del Estero,1996,130000,127500,280500,2200.0,988.8,22.2,57.95
Santiago del Estero,1997,154600,129900,279900,2154.73441108545,795.83,24.0,52.39
Santiago del Estero,1998,280000,250000,520000,2080.0,548.7,22.79,56.41
Santiago del Estero,1999,261500,258500,631400,2442.553191489362,868.48,22.02,56.12
Santiago del Estero,2000,586000,485400,894800,1843.4281005356406,938.01,21.62,60.66
Santiago del Estero,2001,659229,617729,1380000,2233.989338366824,872.01,22.69,58.84
Santiago del Estero,2002,654500,647000,1473600,2277.5888717156104,844.63,22.6,59.41
Santiago del Estero,2003,679000,674000,1219900,1809.940652818991,516.91,23.49,52.33
Santiago del Estero,2004,630715,528586,713920,1350.6222260899835,608.18,23.27,51.43
Santiago del Estero,2005,719580,702080,1572281,2239.461314949863,682.85,22.54,54.99
Santiago del Estero,2006,803380,797880,1974800,2475.0589061011683,457.25,23.87,50.98
Santiago del Estero,2007,825900,802400,1549998,1931.7023928215353,619.56,21.9,56.03
Santiago del Estero,2008,628660,305960,394082,1288.018041574062,862.54,22.36,55.94
Santiago del Estero,2009,811500,808400,2949636,3648.733300346363,638.31,23.18,50.1
Santiago del Estero,2010,1100000,1100000,2467800,2243.4545454545455,729.69,21.68,57.85
Santiago del Estero,2011,1073000,807400,873010,1081.2608372553877,823.96,21.96,57.7
Santiago del Estero,2012,1148210,1132510,1768179,1561.2921740205384,676.35,23.17,54.52
Santiago del Estero,2013,970350,970350,2737945,2821.605606224558,528.27,23.08,50.09
Santiago del Estero,2014,869000,778500,1915310,2460.256904303147,915.27,22.86,59.76
Santiago del Estero,2015,980572,941572,2498134,2653.1523877090654,946.92,23.09,60.72
Santiago del Estero,2016,871840,865690,3159862,3650.1080063302106,821.98,21.86,61.75
Santiago del Estero,2017,894290,887240,2353796,2652.941706866237,715.37,23.4,57.26
Santiago del Estero,2018,1028772,979492,3142543,3208.339629113867,731.32,22.83,57.19
Santiago del Estero,2019,1057280,1051780,3377967,3211.666888512807,1029.22,22.14,63.16
Santiago del Estero,2020,1078150,1078150,3603230,3342.0488800259704,601.54,23.22,50.86
Santiago del Estero,2021,1078120,1078120,3340985,3098.89900938671,947.56,22.39,57.3
Santiago del Estero,2022,1129500,1129500,2823432,2499.718459495352,721.61,22.63,50.38
Santiago del Estero,2023,1123180,1105414,3030974,2741.9356005985087,733.66,24.38,55.22
Tucumán,1981,73200,71230,127300,1787.1683279517058,856.14,22.11,63.08
Tucumán,1982,77000,74600,156200,2093.8337801608577,838.4,22.16,63.07
Tucumán,1983,95500,95100,196000,2060.988433228181,955.52,21.2,63.57
Tucumán,1984,74750,73900,166000,2246.2787550744247,871.73,21.52,65.47
Tucumán,1985,85630,85630,156000,1821.7914282377671,931.76,22.47,61.03
Tucumán,1986,78300,64500,85500,1325.5813953488373,762.74,23.03,59.47
Tucumán,1987,84000,83600,167000,1997.6076555023924,781.96,22.03,57.72
Tucumán,1988,40000,23000,40000,1739.1304347826087,614.8,22.07,55.18
Tucumán,1989,81500,78400,162200,2068.877551020408,660.58,22.77,54.63
Tucumán,1990,83000,82000,198400,2419.512195121951,833.85,21.83,61.59
Tucumán,1991,85700,84200,193700,2300.475059382423,737.87,22.42,61.35
Tucumán,1992,92000,90000,192600,2140.0,931.63,20.98,65.26
Tucumán,1993,90000,88400,173200,1959.2760180995474,617.59,21.97,55.1
Tucumán,1994,90300,89100,156800,1759.820426487093,623.36,22.93,55.64
Tucumán,1995,85000,83800,141000,1682.5775656324583,411.41,22.6,49.76
Tucumán,1996,90000,89350,201900,2259.653049804141,825.98,21.55,59.75
Tucumán,1997,111270,109820,261777,2383.691495173921,755.83,22.88,56.18
Tucumán,1998,150000,147000,360000,2448.9795918367345,653.42,21.57,60.67
Tucumán,1999,125000,124850,312100,2499.799759711654,910.73,21.02,61.33
Tucumán,2000,180000,180000,329400,1830.0,912.49,20.66,64.04
Tucumán,2001,239139,229139,660000,2880.347736526737,954.03,21.47,63.97
Tucumán,2002,260000,257000,570000,2217.898832684825,852.51,21.64,61.42
Tucumán,2003,230000,224353,489100,2180.0466229557883,519.28,22.61,54.79
Tucumán,2004,259630,244572,578238,2364.2853638192432,645.29,22.19,55.81
Tucumán,2005,283518,278378,835903,3002.7624309392263,611.94,21.48,58.65
Tucumán,2006,281450,281450,876008,3112.481790726594,668.17,22.53,56.13
Tucumán,2007,290070,290070,803925,2771.4861929878994,807.52,20.76,60.71
Tucumán,2008,293220,293030,763046,2603.9859400061428,947.16,21.2,61.98
Tucumán,2009,273700,272850,744428,2728.341579622503,622.89,22.24,53.84
Tucumán,2010,254870,254227,734662,2889.787473399757,737.19,20.82,60.17
Tucumán,2011,230660,227390,342911,1508.030256387704,856.87,20.96,61.19
Tucumán,2012,200000,193210,272490,1410.330728223177,604.75,22.31,57.73
Tucumán,2013,208900,206310,416001,2016.3879598662206,672.62,21.85,55.16
Tucumán,2014,198350,195890,413749,2112.1496758384806,865.41,21.91,62.58
Tucumán,2015,212210,211525,657627,3108.9800260016546,960.1,22.04,64.31
Tucumán,2016,203900,200030,491374,2456.5015247712845,937.18,20.91,65.68
Tucumán,2017,188800,186320,491962,2640.414340918849,912.09,22.03,62.71
Tucumán,2018,185900,184200,607826,3299.815418023887,792.14,21.72,60.56
Tucumán,2019,174200,171900,375896,2186.713205351949,916.02,21.21,65.41
Tucumán,2020,166365,164910,445254,2699.9818082590505,749.7,22.07,57.11
Tucumán,2021,153230,148390,271969,1832.7987061122717,1178.94,21.21,63.74
Tucumán,2022,164880,161800,225108,1391.273176761434,715.94,21.45,55.27
Tucumán,2023,172820,172005,515021,2994.221098223889,745.0,23.29,59.66
