provincia;anio;precipitacion_total;temperatura_media;humedad_relativa
Buenos Aires;1981;805.88;15.35;71.83
Buenos Aires;1982;844.86;15.28;71.62
Buenos Aires;1983;908.29;14.75;73.22
Buenos Aires;1984;924.56;14.33;75.99
Buenos Aires;1985;809.75;15.42;70.21
Buenos Aires;1986;756.73;15.17;70.12
Buenos Aires;1987;993.36;14.78;75.7
Buenos Aires;1988;972.55;14.56;70.72
Buenos Aires;1989;1057.51;15.53;71.41
Buenos Aires;1990;1334.13;14.41;77.52
Buenos Aires;1991;1062.7;14.85;75.75
Buenos Aires;1992;1280.41;14.27;77.42
Buenos Aires;1993;1312.68;14.25;78.07
Buenos Aires;1994;1047.12;14.87;74.21
Buenos Aires;1995;597.15;14.84;66.04
Buenos Aires;1996;903.38;15.11;70.45
Buenos Aires;1997;1035.21;15.19;73.68
Buenos Aires;1998;856.61;14.99;72.45
Buenos Aires;1999;947.95;14.58;72.97
Buenos Aires;2000;1070.3;14.21;75.09
Buenos Aires;2001;1292.18;14.84;78.09
Buenos Aires;2002;1339.79;14.38;77.47
Buenos Aires;2003;1024.79;14.53;73.38
Buenos Aires;2004;867.76;15.13;72.22
Buenos Aires;2005;768.22;14.86;69.27
Buenos Aires;2006;922.86;15.05;69.73
Buenos Aires;2007;780.13;14.19;71.57
Buenos Aires;2008;698.14;15.43;68.55
Buenos Aires;2009;784.31;15.33;65.36
Buenos Aires;2010;834.7;14.76;72.03
Buenos Aires;2011;862.05;14.76;69.51
Buenos Aires;2012;1389.46;14.68;75.57
Buenos Aires;2013;696.23;14.94;68.77
Buenos Aires;2014;1170.94;14.81;75.43
Buenos Aires;2015;925.17;15.12;71.85
Buenos Aires;2016;839.25;14.78;73.14
Buenos Aires;2017;1255.5;15.15;76.48
Buenos Aires;2018;967.11;15.22;72.22
Buenos Aires;2019;749.46;15.03;69.45
Buenos Aires;2020;883.9;14.89;70.56
Buenos Aires;2021;999.25;15.18;73.28
Buenos Aires;2022;891.64;14.72;68.74
Buenos Aires;2023;1037.13;15.41;69.21
Catamarca;1981;330.11;14.84;49.8
Catamarca;1982;329.81;15.3;45.51
Catamarca;1983;443.18;14.53;47.56
Catamarca;1984;502.87;14.68;51.37
Catamarca;1985;509.47;15.12;48.04
Catamarca;1986;457.43;15.54;46.67
Catamarca;1987;620.46;14.53;49.05
Catamarca;1988;487.22;14.5;46.87
Catamarca;1989;765.41;14.52;47.97
Catamarca;1990;435.73;14.72;48.54
Catamarca;1991;293.94;15.32;46.06
Catamarca;1992;415.41;14.16;48.15
Catamarca;1993;316.88;14.76;45.24
Catamarca;1994;239.43;15.62;45.34
Catamarca;1995;90.34;15.35;39.5
Catamarca;1996;167.73;14.76;44.15
Catamarca;1997;310.8;15.57;44.54
Catamarca;1998;508.39;14.23;50.86
Catamarca;1999;669.02;13.64;53.68
Catamarca;2000;634.5;13.81;53.85
Catamarca;2001;649.48;14.34;53.69
Catamarca;2002;643.29;14.64;48.87
Catamarca;2003;325.46;15.28;45.8
Catamarca;2004;422.29;14.82;47.82
Catamarca;2005;408.17;14.49;47.14
Catamarca;2006;487.63;15.49;46.84
Catamarca;2007;610.92;14.06;49.64
Catamarca;2008;716.88;13.68;53.15
Catamarca;2009;426.76;14.76;45.70
Catamarca;2010;513.29;13.91;47.73
Catamarca;2011;561.39;13.84;51.48
Catamarca;2012;395.28;15.14;48.67
Catamarca;2013;502.70;14.52;47.25
Catamarca;2014;645.63;14.79;49.96
Catamarca;2015;714.92;14.91;52.07
Catamarca;2016;717.57;14.28;55.43
Catamarca;2017;720.36;14.73;51.41
Catamarca;2018;591.71;14.71;50.5
Catamarca;2019;624.74;14.72;52.64
Catamarca;2020;571.01;15.4;48.52
Catamarca;2021;860.77;14.45;53.8
Catamarca;2022;523.75;14.23;46.53
Catamarca;2023;695.52;16.26;48.48
Chaco;1981;1363.88;21.22;74.83
Chaco;1982;1169.71;22.06;68.37
Chaco;1983;1268.41;20.72;72.62
Chaco;1984;1823.73;20.83;77.46
Chaco;1985;1492.67;21.85;70.89
Chaco;1986;1810.18;21.85;74.31
Chaco;1987;1343.71;21.12;69.83
Chaco;1988;1126.78;21.05;64.99
Chaco;1989;1536.2;21.2;71.59
Chaco;1990;1522.22;20.89;76.2
Chaco;1991;1298.96;21.66;70.56
Chaco;1992;1436.94;20.66;74.13
Chaco;1993;1008.13;21.44;66.3
Chaco;1994;1330.24;21.67;70.0
Chaco;1995;830.6;22.26;59.01
Chaco;1996;1488.07;20.73;71.75
Chaco;1997;935.94;23.14;60.33
Chaco;1998;1449.52;20.83;74.44
Chaco;1999;950.94;21.37;63.71
Chaco;2000;1238.76;20.99;68.75
Chaco;2001;962.52;22.11;67.99
Chaco;2002;1737.07;21.03;75.68
Chaco;2003;1124.93;21.92;64.96
Chaco;2004;1223.1;21.58;65.34
Chaco;2005;864.52;21.97;63.92
Chaco;2006;927.52;22.72;62.33
Chaco;2007;1255.83;20.84;69.39
Chaco;2008;801.93;22.2;58.88
Chaco;2009;924.37;22.25;60.1
Chaco;2010;1111.14;20.45;70.98
Chaco;2011;1024.29;21.31;66.39
Chaco;2012;887.11;22.8;61.49
Chaco;2013;1002.64;21.35;66.17
Chaco;2014;1203.29;22.08;69.77
Chaco;2015;1296.93;21.87;73.01
Chaco;2016;1344.29;20.48;75.05
Chaco;2017;1068.19;22.17;70.59
Chaco;2018;1078.83;22.11;68.05
Chaco;2019;1491.48;21.04;75.69
Chaco;2020;861.89;22.3;59.1
Chaco;2021;944.38;21.76;63.68
Chaco;2022;816.03;21.96;59.7
Chaco;2023;947.94;23.53;63.61
Corrientes;1981;1173.49;21.12;75.35
Corrientes;1982;2081.8;20.86;77.35
Corrientes;1983;1979.94;19.89;80.59
Corrientes;1984;1921.37;20.62;80.15
Corrientes;1985;1902.51;21.33;76.05
Corrientes;1986;2464.2;21.25;78.7
Corrientes;1987;2105.14;19.97;79.98
Corrientes;1988;1348.61;20.24;71.69
Corrientes;1989;1676.86;20.62;74.63
Corrientes;1990;2015.15;20.39;80.81
Corrientes;1991;1421.82;21.37;73.05
Corrientes;1992;1649.03;20.01;79.16
Corrientes;1993;1919.16;20.11;79.84
Corrientes;1994;1773.8;20.92;78.49
Corrientes;1995;1214.59;21.14;71.61
Corrientes;1996;1678.07;20.58;77.13
Corrientes;1997;1928.88;21.34;75.59
Corrientes;1998;2273.8;20.12;82.09
Corrientes;1999;1632.33;20.59;74.1
Corrientes;2000;1869.13;20.3;77.26
Corrientes;2001;1734.13;20.82;81.51
Corrientes;2002;2697.85;20.77;80.32
Corrientes;2003;1948.27;20.05;80.09
Corrientes;2004;1084.53;20.8;72.65
Corrientes;2005;1432.93;21.03;74.62
Corrientes;2006;1667.57;21.1;73.96
Corrientes;2007;2224.42;19.8;81.23
Corrientes;2008;1479.96;20.3;75.04
Corrientes;2009;1751.05;20.68;74.08
Corrientes;2010;1522.15;19.81;79.91
Corrientes;2011;1217.26;20.65;74.05
Corrientes;2012;1079.48;22.0;67.91
Corrientes;2013;1189.92;20.42;74.17
Corrientes;2014;1719.18;21.07;78.06
Corrientes;2015;1568.0;20.99;80.15
Corrientes;2016;1629.21;20.11;80.57
Corrientes;2017;2373.02;20.85;81.02
Corrientes;2018;1403.3;20.99;75.99
Corrientes;2019;1723.0;20.79;79.57
Corrientes;2020;1100.29;21.03;69.66
Corrientes;2021;925.09;21.2;69.53
Corrientes;2022;1161.84;20.91;70.54
Corrientes;2023;1412.25;22.21;72.54
Córdoba;1981;936.53;17.2;71.81
Córdoba;1982;871.2;17.35;68.27
Córdoba;1983;895.43;16.57;71.09
Córdoba;1984;1120.81;16.15;76.04
Córdoba;1985;880.08;17.3;70.2
Córdoba;1986;855.31;17.43;70.03
Córdoba;1987;924.7;17.01;70.57
Córdoba;1988;790.56;16.61;65.94
Córdoba;1989;728.36;18.0;62.6
Córdoba;1990;1042.49;16.89;71.62
Córdoba;1991;1081.09;16.72;74.01
Córdoba;1992;931.79;16.34;70.31
Córdoba;1993;1158.0;16.05;73.55
Córdoba;1994;941.76;16.81;70.53
Córdoba;1995;806.55;16.45;64.45
Córdoba;1996;870.71;16.77;66.18
Córdoba;1997;1035.29;17.69;64.91
Córdoba;1998;1238.72;15.88;76.59
Córdoba;1999;1096.1;15.97;72.43
Córdoba;2000;963.6;16.12;72.9
Córdoba;2001;1068.32;16.9;73.85
Córdoba;2002;783.76;16.89;69.42
Córdoba;2003;670.31;17.17;65.49
Córdoba;2004;1090.0;16.87;69.62
Córdoba;2005;745.69;16.54;67.35
Córdoba;2006;952.0;17.35;64.32
Córdoba;2007;852.37;15.78;71.82
Córdoba;2008;766.2;17.42;63.56
Córdoba;2009;908.1;17.63;59.33
Córdoba;2010;800.75;16.26;69.19
Córdoba;2011;719.51;16.9;63.85
Córdoba;2012;1178.04;16.96;70.38
Córdoba;2013;733.47;16.85;65.71
Córdoba;2014;1033.42;17.06;70.89
Córdoba;2015;1067.4;16.9;74.14
Córdoba;2016;1139.21;16.24;75.92
Córdoba;2017;1015.25;16.88;73.96
Córdoba;2018;822.18;17.6;65.77
Córdoba;2019;836.27;17.12;68.12
Córdoba;2020;787.79;16.98;65.28
Córdoba;2021;989.68;17.02;69.03
Córdoba;2022;607.48;17.11;60.6
Córdoba;2023;1100.0;18.4;62.03
Entre Ríos;1981;1055.55;17.73;74.41
Entre Ríos;1982;1077.98;17.82;71.45
Entre Ríos;1983;903.38;17.56;71.11
Entre Ríos;1984;1417.61;16.81;77.39
Entre Ríos;1985;1196.6;18.11;72.64
Entre Ríos;1986;1216.6;17.9;74.55
Entre Ríos;1987;1175.2;17.53;73.25
Entre Ríos;1988;1073.27;17.16;69.57
Entre Ríos;1989;1126.3;18.3;68.11
Entre Ríos;1990;1405.82;17.19;77.05
Entre Ríos;1991;1340.79;17.75;74.26
Entre Ríos;1992;959.5;17.25;72.52
Entre Ríos;1993;1516.95;17.06;75.48
Entre Ríos;1994;812.9;18.23;69.22
Entre Ríos;1995;872.75;17.45;66.51
Entre Ríos;1996;932.27;17.79;68.2
Entre Ríos;1997;1087.28;18.21;69.31
Entre Ríos;1998;990.16;17.33;72.95
Entre Ríos;1999;902.76;17.43;69.72
Entre Ríos;2000;1505.23;17.05;74.76
Entre Ríos;2001;1487.96;17.72;78.04
Entre Ríos;2002;1419.38;17.29;77.15
Entre Ríos;2003;1159.1;17.08;74.61
Entre Ríos;2004;944.9;17.99;70.2
Entre Ríos;2005;937.61;17.65;70.85
Entre Ríos;2006;1167.64;18.02;69.86
Entre Ríos;2007;1404.06;16.44;76.88
Entre Ríos;2008;603.4;18.62;64.18
Entre Ríos;2009;1397.66;17.69;68.34
Entre Ríos;2010;1154.88;17.06;74.55
Entre Ríos;2011;956.46;17.29;69.75
Entre Ríos;2012;1597.2;17.44;75.2
Entre Ríos;2013;938.04;17.41;69.71
Entre Ríos;2014;1594.11;17.22;77.26
Entre Ríos;2015;1069.02;18.01;71.91
Entre Ríos;2016;1185.43;17.32;74.37
Entre Ríos;2017;1353.84;17.93;76.23
Entre Ríos;2018;1308.03;17.87;73.59
Entre Ríos;2019;1184.21;17.34;75.76
Entre Ríos;2020;889.17;18.03;66.9
Entre Ríos;2021;847.19;18.24;68.77
Entre Ríos;2022;1009.74;17.57;67.71
Entre Ríos;2023;920.34;18.93;65.23
Formosa;1981;1455.02;22.13;73.34
Formosa;1982;1370.39;22.93;69.23
Formosa;1983;1213.11;22.31;68.62
Formosa;1984;1371.78;23.48;66.2
Formosa;1985;994.95;24.1;60.31
Formosa;1986;1474.65;23.83;64.56
Formosa;1987;1072.05;22.9;62.99
Formosa;1988;1155.55;22.6;61.61
Formosa;1989;1372.72;22.4;68.75
Formosa;1990;1415.84;22.91;69.91
Formosa;1991;1558.93;22.67;69.53
Formosa;1992;1853.64;21.61;75.71
Formosa;1993;974.34;22.72;64.74
Formosa;1994;1273.74;23.5;65.08
Formosa;1995;828.41;23.86;57.55
Formosa;1996;1311.27;22.72;66.07
Formosa;1997;862.83;24.76;57.63
Formosa;1998;1308.7;22.55;70.48
Formosa;1999;1029.88;23.0;61.04
Formosa;2000;1258.24;22.82;65.61
Formosa;2001;909.13;23.84;62.33
Formosa;2002;1246.93;23.81;65.33
Formosa;2003;1031.32;23.9;59.75
Formosa;2004;1091.35;23.31;61.18
Formosa;2005;882.53;23.51;60.86
Formosa;2006;1082.32;24.15;61.31
Formosa;2007;1009.82;22.9;63.22
Formosa;2008;942.03;23.27;59.52
Formosa;2009;743.33;24.08;57.98
Formosa;2010;1007.51;22.43;65.01
Formosa;2011;1141.03;22.74;65.3
Formosa;2012;949.2;23.88;62.16
Formosa;2013;836.83;23.33;61.01
Formosa;2014;1201.41;23.57;69.04
Formosa;2015;1357.03;23.54;70.6
Formosa;2016;1238.46;22.08;70.87
Formosa;2017;1107.59;23.58;67.27
Formosa;2018;1088.4;23.38;65.8
Formosa;2019;1318.7;22.75;71.56
Formosa;2020;919.88;24.16;55.32
Formosa;2021;884.21;23.42;60.38
Formosa;2022;719.6;23.77;55.31
Formosa;2023;917.59;25.29;60.98
Jujuy;1981;1061.44;19.4;66.52
Jujuy;1982;847.66;19.84;63.05
Jujuy;1983;702.08;19.59;59.85
Jujuy;1984;1098.23;19.53;65.5
Jujuy;1985;1046.43;20.2;60.48
Jujuy;1986;822.69;20.74;57.17
Jujuy;1987;801.13;19.66;58.06
Jujuy;1988;897.55;19.28;60.58
Jujuy;1989;845.72;19.77;58.57
Jujuy;1990;980.61;19.69;60.45
Jujuy;1991;984.81;19.77;63.62
Jujuy;1992;750.87;19.26;59.21
Jujuy;1993;796.68;19.45;56.98
Jujuy;1994;762.83;20.44;56.43
Jujuy;1995;749.82;19.9;55.46
Jujuy;1996;634.02;19.54;57.94
Jujuy;1997;520.8;20.78;56.1
Jujuy;1998;676.57;19.81;57.02
Jujuy;1999;895.81;18.94;61.2
Jujuy;2000;841.98;18.99;60.79
Jujuy;2001;791.2;19.93;58.74
Jujuy;2002;698.29;20.23;56.32
Jujuy;2003;1075.68;19.86;58.73
Jujuy;2004;886.78;19.53;59.7
Jujuy;2005;612.37;19.97;53.65
Jujuy;2006;719.39;20.35;57.64
Jujuy;2007;869.43;19.0;59.45
Jujuy;2008;1015.7;19.1;60.29
Jujuy;2009;768.71;19.93;56.37
Jujuy;2010;630.88;19.23;56.4
Jujuy;2011;733.95;19.42;58.34
Jujuy;2012;637.82;20.27;57.69
Jujuy;2013;574.2;20.14;52.46
Jujuy;2014;804.8;20.15;59.76
Jujuy;2015;774.96;20.17;61.88
Jujuy;2016;950.61;19.31;61.21
Jujuy;2017;675.24;20.4;57.56
Jujuy;2018;909.98;19.52;61.78
Jujuy;2019;893.5;19.9;60.19
Jujuy;2020;783.81;20.37;56.37
Jujuy;2021;816.71;19.6;60.36
Jujuy;2022;1373.04;19.49;54.26
Jujuy;2023;698.09;21.61;56.07
La Pampa;1981;787.6;16.25;63.77
La Pampa;1982;923.48;16.11;65.3
La Pampa;1983;940.11;15.54;66.21
La Pampa;1984;990.46;14.81;70.29
La Pampa;1985;1052.74;15.92;64.91
La Pampa;1986;840.24;15.8;63.64
La Pampa;1987;919.72;15.73;66.89
La Pampa;1988;803.85;15.74;59.11
La Pampa;1989;914.69;16.38;62.47
La Pampa;1990;864.3;15.76;64.85
La Pampa;1991;999.69;15.82;66.9
La Pampa;1992;1159.87;15.1;68.0
La Pampa;1993;888.75;15.33;66.87
La Pampa;1994;807.15;16.28;60.99
La Pampa;1995;593.78;15.93;55.21
La Pampa;1996;955.15;15.85;60.46
La Pampa;1997;876.54;16.22;63.96
La Pampa;1998;750.95;15.82;64.8
La Pampa;1999;1102.41;15.15;67.48
La Pampa;2000;932.33;15.08;66.93
La Pampa;2001;1175.48;15.72;69.49
La Pampa;2002;820.57;15.54;64.29
La Pampa;2003;499.32;16.57;56.14
La Pampa;2004;781.02;16.33;62.71
La Pampa;2005;527.59;15.97;58.27
La Pampa;2006;705.08;16.4;57.64
La Pampa;2007;704.78;15.13;61.34
La Pampa;2008;643.99;16.64;58.03
La Pampa;2009;509.8;16.82;51.44
La Pampa;2010;695.51;15.86;59.48
La Pampa;2011;757.15;15.97;58.69
La Pampa;2012;1209.42;15.49;67.38
La Pampa;2013;547.97;16.4;56.92
La Pampa;2014;1014.05;15.94;65.98
La Pampa;2015;761.46;16.06;64.05
La Pampa;2016;1021.13;15.3;69.04
La Pampa;2017;1148.61;15.86;69.02
La Pampa;2018;684.68;16.4;60.54
La Pampa;2019;542.57;16.3;57.22
La Pampa;2020;1093.02;15.62;63.76
La Pampa;2021;946.81;16.0;65.27
La Pampa;2022;675.6;15.78;58.39
La Pampa;2023;682.02;16.92;57.04
Misiones;1981;1447.77;21.1;76.88
Misiones;1982;2188.34;21.09;78.55
Misiones;1983;2664.32;19.67;84.88
Misiones;1984;2232.28;20.45;84.25
Misiones;1985;2109.73;21.04;79.46
Misiones;1986;2380.64;21.17;80.58
Misiones;1987;2398.76;19.79;83.28
Misiones;1988;1562.52;20.56;72.11
Misiones;1989;2138.16;20.24;79.36
Misiones;1990;2536.79;20.37;83.86
Misiones;1991;1600.19;21.55;73.88
Misiones;1992;2072.79;19.94;83.19
Misiones;1993;1883.18;20.34;81.22
Misiones;1994;2223.14;20.92;82.78
Misiones;1995;1280.08;21.71;71.71
Misiones;1996;1937.89;20.64;79.77
Misiones;1997;2202.18;21.27;79.61
Misiones;1998;2403.89;20.19;85.68
Misiones;1999;1658.39;20.74;76.1
Misiones;2000;1925.7;20.52;78.87
Misiones;2001;1654.27;20.89;83.1
Misiones;2002;2404.98;21.13;81.35
Misiones;2003;1827.81;20.36;81.02
Misiones;2004;1308.15;21.11;73.02
Misiones;2005;1562.0;21.22;75.85
Misiones;2006;1570.93;21.68;72.25
Misiones;2007;2017.0;20.38;80.86
Misiones;2008;1301.78;20.81;73.85
Misiones;2009;1899.87;20.96;76.42
Misiones;2010;1691.47;19.97;82.31
Misiones;2011;1381.43;21.08;74.69
Misiones;2012;1327.89;22.29;68.63
Misiones;2013;1394.75;20.61;75.66
Misiones;2014;2545.41;21.22;81.34
Misiones;2015;2195.7;20.87;85.88
Misiones;2016;1714.39;20.21;82.59
Misiones;2017;2547.25;20.99;82.56
Misiones;2018;1673.45;21.32;76.06
Misiones;2019;1865.02;21.21;79.63
Misiones;2020;1539.56;21.43;69.68
Misiones;2021;1299.11;21.34;71.23
Misiones;2022;1617.35;20.99;73.4
Misiones;2023;2281.87;22.21;76.64
Salta;1981;895.41;19.7;69.48
Salta;1982;800.35;19.85;69.14
Salta;1983;677.24;19.58;65.36
Salta;1984;1046.3;19.65;69.65
Salta;1985;870.12;20.52;63.87
Salta;1986;812.95;20.75;64.23
Salta;1987;775.02;19.68;63.13
Salta;1988;794.63;19.44;63.27
Salta;1989;731.62;19.99;62.04
Salta;1990;896.46;19.81;64.65
Salta;1991;1041.09;19.77;69.46
Salta;1992;838.52;19.1;67.91
Salta;1993;827.36;19.36;62.68
Salta;1994;796.03;20.37;61.57
Salta;1995;736.96;19.96;59.35
Salta;1996;636.33;19.59;62.82
Salta;1997;529.69;20.86;60.85
Salta;1998;694.09;19.64;63.3
Salta;1999;905.18;18.95;64.99
Salta;2000;842.22;18.9;65.49
Salta;2001;802.68;19.83;64.09
Salta;2002;690.68;20.16;62.13
Salta;2003;1084.57;19.72;63.88
Salta;2004;899.02;19.45;64.18
Salta;2005;624.26;19.76;60.1
Salta;2006;768.52;20.28;62.8
Salta;2007;874.52;18.75;64.89
Salta;2008;999.26;19.13;64.94
Salta;2009;751.81;19.91;60.17
Salta;2010;620.42;19.01;62.16
Salta;2011;737.01;19.33;63.11
Salta;2012;632.5;20.16;62.43
Salta;2013;562.29;20.03;57.17
Salta;2014;797.63;20.13;65.17
Salta;2015;751.27;20.11;67.85
Salta;2016;942.28;19.07;66.95
Salta;2017;678.5;20.24;64.07
Salta;2018;892.05;19.36;67.22
Salta;2019;879.23;19.64;65.8
Salta;2020;800.83;20.07;61.41
Salta;2021;728.57;19.77;63.02
Salta;2022;1417.12;19.33;59.36
Salta;2023;695.35;21.37;62.66
San Luis;1981;643.82;18.11;57.32
San Luis;1982;642.21;18.14;56.86
San Luis;1983;656.89;17.8;56.16
San Luis;1984;806.63;17.38;60.98
San Luis;1985;713.79;18.53;57.11
San Luis;1986;382.41;19.37;52.16
San Luis;1987;512.06;18.34;52.25
San Luis;1988;523.33;18.19;47.75
San Luis;1989;624.98;18.5;53.11
San Luis;1990;582.6;18.08;55.37
San Luis;1991;651.96;18.03;57.65
San Luis;1992;659.05;17.13;58.96
San Luis;1993;346.43;18.02;49.5
San Luis;1994;666.17;18.47;52.58
San Luis;1995;441.31;18.35;45.17
San Luis;1996;575.34;17.83;52.39
San Luis;1997;632.84;18.76;51.66
San Luis;1998;676.31;17.42;58.87
San Luis;1999;792.44;17.06;57.49
San Luis;2000;752.35;16.79;59.85
San Luis;2001;779.23;17.66;59.67
San Luis;2002;690.45;17.86;54.9
San Luis;2003;396.47;18.49;49.64
San Luis;2004;858.54;17.73;55.93
San Luis;2005;589.23;17.32;55.49
San Luis;2006;726.88;18.44;51.55
San Luis;2007;824.45;16.51;58.17
San Luis;2008;1119.18;17.18;59.09
San Luis;2009;496.61;18.29;48.5
San Luis;2010;610.46;17.13;54.96
San Luis;2011;579.18;17.4;53.03
San Luis;2012;559.77;18.24;53.36
San Luis;2013;583.71;17.91;50.91
San Luis;2014;727.79;17.82;57.94
San Luis;2015;880.96;17.73;62.82
San Luis;2016;815.68;17.14;62.09
San Luis;2017;724.73;18.01;56.79
San Luis;2018;662.09;18.0;53.98
San Luis;2019;488.22;18.11;54.79
San Luis;2020;418.87;18.86;46.64
San Luis;2021;717.97;17.68;57.22
San Luis;2022;441.9;18.11;46.52
San Luis;2023;411.16;19.47;51.76
Santa Fe;1981;1115.48;17.85;72.37
Santa Fe;1982;857.58;18.21;67.18
Santa Fe;1983;846.29;17.51;69.38
Santa Fe;1984;1158.79;16.89;75.14
Santa Fe;1985;907.53;18.24;69.71
Santa Fe;1986;1013.92;18.23;70.9
Santa Fe;1987;1038.26;17.64;70.71
Santa Fe;1988;802.43;17.51;65.65
Santa Fe;1989;875.83;18.67;63.91
Santa Fe;1990;1315.89;17.54;72.79
Santa Fe;1991;1272.06;17.83;71.77
Santa Fe;1992;977.52;17.2;69.83
Santa Fe;1993;1262.64;17.09;71.76
Santa Fe;1994;884.93;18.08;67.6
Santa Fe;1995;842.45;17.61;62.36
Santa Fe;1996;972.1;17.75;65.32
Santa Fe;1997;882.95;18.62;64.3
Santa Fe;1998;977.64;17.31;70.52
Santa Fe;1999;880.51;17.51;66.13
Santa Fe;2000;1484.13;16.78;73.13
Santa Fe;2001;1343.25;17.37;76.42
Santa Fe;2002;1294.29;17.15;74.29
Santa Fe;2003;930.72;17.15;71.25
Santa Fe;2004;907.42;17.87;67.59
Santa Fe;2005;943.51;17.49;67.93
Santa Fe;2006;1203.95;17.94;67.47
Santa Fe;2007;1140.54;16.21;74.39
Santa Fe;2008;546.28;18.54;61.27
Santa Fe;2009;1314.9;17.92;64.01
Santa Fe;2010;1065.16;16.85;71.69
Santa Fe;2011;981.62;17.27;67.29
Santa Fe;2012;1485.52;17.5;71.87
Santa Fe;2013;873.98;17.33;67.5
Santa Fe;2014;1098.96;17.54;72.0
Santa Fe;2015;1086.98;17.9;70.8
Santa Fe;2016;1242.25;17.1;73.37
Santa Fe;2017;1150.52;17.76;73.3
Santa Fe;2018;1024.8;18.16;68.51
Santa Fe;2019;1031.33;17.47;72.39
Santa Fe;2020;725.51;17.97;64.1
Santa Fe;2021;848.82;18.2;65.93
Santa Fe;2022;603.42;17.99;61.72
Santa Fe;2023;932.82;19.13;63.28
Santiago del Estero;1981;753.19;23.01;60.4
Santiago del Estero;1982;912.62;22.95;61.23
Santiago del Estero;1983;694.15;22.29;59.17
Santiago del Estero;1984;670.3;22.64;61.37
Santiago del Estero;1985;723.86;23.81;55.21
Santiago del Estero;1986;558.78;24.3;55.45
Santiago del Estero;1987;640.04;23.08;53.74
Santiago del Estero;1988;377.57;23.2;49.48
Santiago del Estero;1989;677.78;23.66;53.04
Santiago del Estero;1990;648.84;22.88;58.54
Santiago del Estero;1991;720.83;23.27;58.6
Santiago del Estero;1992;937.86;21.8;62.87
Santiago del Estero;1993;487.45;22.86;51.89
Santiago del Estero;1994;573.31;23.76;53.16
Santiago del Estero;1995;444.4;23.42;47.32
Santiago del Estero;1996;988.8;22.2;57.95
Santiago del Estero;1997;795.83;24.0;52.39
Santiago del Estero;1998;548.7;22.79;56.41
Santiago del Estero;1999;868.48;22.02;56.12
Santiago del Estero;2000;938.01;21.62;60.66
Santiago del Estero;2001;872.01;22.69;58.84
Santiago del Estero;2002;844.63;22.6;59.41
Santiago del Estero;2003;516.91;23.49;52.33
Santiago del Estero;2004;608.18;23.27;51.43
Santiago del Estero;2005;682.85;22.54;54.99
Santiago del Estero;2006;457.25;23.87;50.98
Santiago del Estero;2007;619.56;21.9;56.03
Santiago del Estero;2008;862.54;22.36;55.94
Santiago del Estero;2009;638.31;23.18;50.1
Santiago del Estero;2010;729.69;21.68;57.85
Santiago del Estero;2011;823.96;21.96;57.7
Santiago del Estero;2012;676.35;23.17;54.52
Santiago del Estero;2013;528.27;23.08;50.09
Santiago del Estero;2014;915.27;22.86;59.76
Santiago del Estero;2015;946.92;23.09;60.72
Santiago del Estero;2016;821.98;21.86;61.75
Santiago del Estero;2017;715.37;23.4;57.26
Santiago del Estero;2018;731.32;22.83;57.19
Santiago del Estero;2019;1029.22;22.14;63.16
Santiago del Estero;2020;601.54;23.22;50.86
Santiago del Estero;2021;947.56;22.39;57.3
Santiago del Estero;2022;721.61;22.63;50.38
Santiago del Estero;2023;733.66;24.38;55.22
Tucumán;1981;856.14;22.11;63.08
Tucumán;1982;838.4;22.16;63.07
Tucumán;1983;955.52;21.2;63.57
Tucumán;1984;871.73;21.52;65.47
Tucumán;1985;931.76;22.47;61.03
Tucumán;1986;762.74;23.03;59.47
Tucumán;1987;781.96;22.03;57.72
Tucumán;1988;614.8;22.07;55.18
Tucumán;1989;660.58;22.77;54.63
Tucumán;1990;833.85;21.83;61.59
Tucumán;1991;737.87;22.42;61.35
Tucumán;1992;931.63;20.98;65.26
Tucumán;1993;617.59;21.97;55.1
Tucumán;1994;623.36;22.93;55.64
Tucumán;1995;411.41;22.6;49.76
Tucumán;1996;825.98;21.55;59.75
Tucumán;1997;755.83;22.88;56.18
Tucumán;1998;653.42;21.57;60.67
Tucumán;1999;910.73;21.02;61.33
Tucumán;2000;912.49;20.66;64.04
Tucumán;2001;954.03;21.47;63.97
Tucumán;2002;852.51;21.64;61.42
Tucumán;2003;519.28;22.61;54.79
Tucumán;2004;645.29;22.19;55.81
Tucumán;2005;611.94;21.48;58.65
Tucumán;2006;668.17;22.53;56.13
Tucumán;2007;807.52;20.76;60.71
Tucumán;2008;947.16;21.2;61.98
Tucumán;2009;622.89;22.24;53.84
Tucumán;2010;737.19;20.82;60.17
Tucumán;2011;856.87;20.96;61.19
Tucumán;2012;604.75;22.31;57.73
Tucumán;2013;672.62;21.85;55.16
Tucumán;2014;865.41;21.91;62.58
Tucumán;2015;960.1;22.04;64.31
Tucumán;2016;937.18;20.91;65.68
Tucumán;2017;912.09;22.03;62.71
Tucumán;2018;792.14;21.72;60.56
Tucumán;2019;916.02;21.21;65.41
Tucumán;2020;749.7;22.07;57.11
Tucumán;2021;1178.94;21.21;63.74
Tucumán;2022;715.94;21.45;55.27
Tucumán;2023;745.0;23.29;59.66
